{
  "$schema": "http://json.schemastore.org/sarif-1.0.0",
  "version": "1.0.0",
  "runs": [
    {
      "tool": {
        "name": "Microsoft (R) Visual C# Compiler",
        "version": "3.9.0.0",
        "fileVersion": "3.9.0-6.21160.10 (59eedc33)",
        "semanticVersion": "3.9.0",
        "language": "en-US"
      },
      "results": [
        {
          "ruleId": "S125",
          "level": "warning",
          "message": "Remove this commented out code.",
          "locations": [
            {
              "resultFile": {
                "uri": "file:///D:/a/1/s/UiPath.Extensions.CommandLine.Shared/Json/ProjectJson.cs",
                "region": {
                  "startLine": 32,
                  "startColumn": 17,
                  "endLine": 32,
                  "endColumn": 126
                }
              }
            }
          ],
          "properties": {
            "warningLevel": 1
          }
        },
        {
          "ruleId": "S1135",
          "level": "warning",
          "message": "Complete the task associated to this 'TODO' comment.",
          "locations": [
            {
              "resultFile": {
                "uri": "file:///D:/a/1/s/UiPath.Extensions.CommandLine.Shared/Json/ProjectJson.cs",
                "region": {
                  "startLine": 29,
                  "startColumn": 16,
                  "endLine": 29,
                  "endColumn": 20
                }
              }
            }
          ],
          "properties": {
            "warningLevel": 1
          }
        },
        {
          "ruleId": "S1135",
          "level": "warning",
          "message": "Complete the task associated to this 'TODO' comment.",
          "locations": [
            {
              "resultFile": {
                "uri": "file:///D:/a/1/s/UiPath.Extensions.CommandLine.Shared/Json/ProjectJson.cs",
                "region": {
                  "startLine": 30,
                  "startColumn": 16,
                  "endLine": 30,
                  "endColumn": 20
                }
              }
            }
          ],
          "properties": {
            "warningLevel": 1
          }
        },
        {
          "ruleId": "S1118",
          "level": "warning",
          "message": "Add a 'protected' constructor or the 'static' keyword to the class declaration.",
          "locations": [
            {
              "resultFile": {
                "uri": "file:///D:/a/1/s/UiPath.Extensions.CommandLine.Windows/Program.cs",
                "region": {
                  "startLine": 7,
                  "startColumn": 11,
                  "endLine": 7,
                  "endColumn": 18
                }
              }
            }
          ],
          "properties": {
            "warningLevel": 1
          }
        },
        {
          "ruleId": "S1118",
          "level": "warning",
          "message": "Add a 'protected' constructor or the 'static' keyword to the class declaration.",
          "locations": [
            {
              "resultFile": {
                "uri": "file:///D:/a/1/s/UiPath.Extensions.CommandLine.Shared/Json/ProjectJson.cs",
                "region": {
                  "startLine": 15,
                  "startColumn": 18,
                  "endLine": 15,
                  "endColumn": 29
                }
              }
            }
          ],
          "properties": {
            "warningLevel": 1
          }
        },
        {
          "ruleId": "S1075",
          "level": "warning",
          "message": "Refactor your code not to use hardcoded absolute paths or URIs.",
          "locations": [
            {
              "resultFile": {
                "uri": "file:///D:/a/1/s/UiPath.Extensions.CommandLine.Shared/Utils/FeedUtil.cs",
                "region": {
                  "startLine": 22,
                  "startColumn": 32,
                  "endLine": 22,
                  "endColumn": 67
                }
              }
            }
          ],
          "properties": {
            "warningLevel": 1
          }
        },
        {
          "ruleId": "S1075",
          "level": "warning",
          "message": "Refactor your code not to use hardcoded absolute paths or URIs.",
          "locations": [
            {
              "resultFile": {
                "uri": "file:///D:/a/1/s/UiPath.Extensions.CommandLine.Shared/Utils/FeedUtil.cs",
                "region": {
                  "startLine": 23,
                  "startColumn": 32,
                  "endLine": 23,
                  "endColumn": 67
                }
              }
            }
          ],
          "properties": {
            "warningLevel": 1
          }
        },
        {
          "ruleId": "S1075",
          "level": "warning",
          "message": "Refactor your code not to use hardcoded absolute paths or URIs.",
          "locations": [
            {
              "resultFile": {
                "uri": "file:///D:/a/1/s/UiPath.Extensions.CommandLine.Shared/Utils/FeedUtil.cs",
                "region": {
                  "startLine": 24,
                  "startColumn": 32,
                  "endLine": 24,
                  "endColumn": 69
                }
              }
            }
          ],
          "properties": {
            "warningLevel": 1
          }
        },
        {
          "ruleId": "S1075",
          "level": "warning",
          "message": "Refactor your code not to use hardcoded absolute paths or URIs.",
          "locations": [
            {
              "resultFile": {
                "uri": "file:///D:/a/1/s/UiPath.Extensions.CommandLine.Shared/Utils/FeedUtil.cs",
                "region": {
                  "startLine": 26,
                  "startColumn": 38,
                  "endLine": 26,
                  "endColumn": 96
                }
              }
            }
          ],
          "properties": {
            "warningLevel": 1
          }
        },
        {
          "ruleId": "S1075",
          "level": "warning",
          "message": "Refactor your code not to use hardcoded absolute paths or URIs.",
          "locations": [
            {
              "resultFile": {
                "uri": "file:///D:/a/1/s/UiPath.Extensions.CommandLine.Shared/Utils/FeedUtil.cs",
                "region": {
                  "startLine": 28,
                  "startColumn": 38,
                  "endLine": 28,
                  "endColumn": 90
                }
              }
            }
          ],
          "properties": {
            "warningLevel": 1
          }
        },
        {
          "ruleId": "S3626",
          "level": "warning",
          "message": "Remove this redundant jump.",
          "locations": [
            {
              "resultFile": {
                "uri": "file:///D:/a/1/s/UiPath.Extensions.CommandLine.Shared/Parsers/AssetsParser.cs",
                "region": {
                  "startLine": 102,
                  "startColumn": 21,
                  "endLine": 102,
                  "endColumn": 30
                }
              }
            }
          ],
          "properties": {
            "warningLevel": 1
          }
        },
        {
          "ruleId": "S3776",
          "level": "warning",
          "message": "Refactor this method to reduce its Cognitive Complexity from 18 to the 15 allowed.",
          "locations": [
            {
              "resultFile": {
                "uri": "file:///D:/a/1/s/UiPath.Extensions.CommandLine.Shared/Parsers/AssetsParser.cs",
                "region": {
                  "startLine": 20,
                  "startColumn": 21,
                  "endLine": 20,
                  "endColumn": 38
                }
              }
            }
          ],
          "relatedLocations": [
            {
              "physicalLocation": {
                "uri": "file:///D:/a/1/s/UiPath.Extensions.CommandLine.Shared/Parsers/AssetsParser.cs",
                "region": {
                  "startLine": 25,
                  "startColumn": 13,
                  "endLine": 25,
                  "endColumn": 15
                }
              }
            },
            {
              "physicalLocation": {
                "uri": "file:///D:/a/1/s/UiPath.Extensions.CommandLine.Shared/Parsers/AssetsParser.cs",
                "region": {
                  "startLine": 43,
                  "startColumn": 13,
                  "endLine": 43,
                  "endColumn": 18
                }
              }
            },
            {
              "physicalLocation": {
                "uri": "file:///D:/a/1/s/UiPath.Extensions.CommandLine.Shared/Parsers/AssetsParser.cs",
                "region": {
                  "startLine": 46,
                  "startColumn": 17,
                  "endLine": 46,
                  "endColumn": 19
                }
              }
            },
            {
              "physicalLocation": {
                "uri": "file:///D:/a/1/s/UiPath.Extensions.CommandLine.Shared/Parsers/AssetsParser.cs",
                "region": {
                  "startLine": 54,
                  "startColumn": 17,
                  "endLine": 54,
                  "endColumn": 19
                }
              }
            },
            {
              "physicalLocation": {
                "uri": "file:///D:/a/1/s/UiPath.Extensions.CommandLine.Shared/Parsers/AssetsParser.cs",
                "region": {
                  "startLine": 54,
                  "startColumn": 40,
                  "endLine": 54,
                  "endColumn": 42
                }
              }
            },
            {
              "physicalLocation": {
                "uri": "file:///D:/a/1/s/UiPath.Extensions.CommandLine.Shared/Parsers/AssetsParser.cs",
                "region": {
                  "startLine": 60,
                  "startColumn": 17,
                  "endLine": 60,
                  "endColumn": 19
                }
              }
            },
            {
              "physicalLocation": {
                "uri": "file:///D:/a/1/s/UiPath.Extensions.CommandLine.Shared/Parsers/AssetsParser.cs",
                "region": {
                  "startLine": 60,
                  "startColumn": 36,
                  "endLine": 60,
                  "endColumn": 38
                }
              }
            },
            {
              "physicalLocation": {
                "uri": "file:///D:/a/1/s/UiPath.Extensions.CommandLine.Shared/Parsers/AssetsParser.cs",
                "region": {
                  "startLine": 69,
                  "startColumn": 17,
                  "endLine": 69,
                  "endColumn": 19
                }
              }
            },
            {
              "physicalLocation": {
                "uri": "file:///D:/a/1/s/UiPath.Extensions.CommandLine.Shared/Parsers/AssetsParser.cs",
                "region": {
                  "startLine": 78,
                  "startColumn": 17,
                  "endLine": 78,
                  "endColumn": 19
                }
              }
            },
            {
              "physicalLocation": {
                "uri": "file:///D:/a/1/s/UiPath.Extensions.CommandLine.Shared/Parsers/AssetsParser.cs",
                "region": {
                  "startLine": 86,
                  "startColumn": 17,
                  "endLine": 86,
                  "endColumn": 19
                }
              }
            },
            {
              "physicalLocation": {
                "uri": "file:///D:/a/1/s/UiPath.Extensions.CommandLine.Shared/Parsers/AssetsParser.cs",
                "region": {
                  "startLine": 99,
                  "startColumn": 17,
                  "endLine": 99,
                  "endColumn": 22
                }
              }
            }
          ],
          "properties": {
            "warningLevel": 1,
            "customProperties": {
              "0": "+1",
              "1": "+1",
              "10": "+2 (incl 1 for nesting)",
              "2": "+2 (incl 1 for nesting)",
              "3": "+2 (incl 1 for nesting)",
              "4": "+1",
              "5": "+2 (incl 1 for nesting)",
              "6": "+1",
              "7": "+2 (incl 1 for nesting)",
              "8": "+2 (incl 1 for nesting)",
              "9": "+2 (incl 1 for nesting)"
            }
          }
        },
        {
          "ruleId": "S5445",
          "level": "warning",
          "message": "'Path.GetTempFileName()' is insecure. Use 'Path.GetRandomFileName()' instead.",
          "locations": [
            {
              "resultFile": {
                "uri": "file:///D:/a/1/s/UiPath.Extensions.CommandLine.Shared/Services/Impl/TestService.cs",
                "region": {
                  "startLine": 55,
                  "startColumn": 39,
                  "endLine": 55,
                  "endColumn": 59
                }
              }
            }
          ],
          "properties": {
            "warningLevel": 1
          }
        },
        {
          "ruleId": "S927",
          "level": "warning",
          "message": "Rename parameter 'o' to 'options' to match the base class declaration.",
          "locations": [
            {
              "resultFile": {
                "uri": "file:///D:/a/1/s/UiPath.Extensions.CommandLine.Shared/Services/Impl/TestService.cs",
                "region": {
                  "startLine": 53,
                  "startColumn": 64,
                  "endLine": 53,
                  "endColumn": 65
                }
              }
            }
          ],
          "properties": {
            "warningLevel": 1
          }
        },
        {
          "ruleId": "S5445",
          "level": "warning",
          "message": "'Path.GetTempFileName()' is insecure. Use 'Path.GetRandomFileName()' instead.",
          "locations": [
            {
              "resultFile": {
                "uri": "file:///D:/a/1/s/UiPath.Extensions.CommandLine.Windows/Arguments/App/UninstallOptions.cs",
                "region": {
                  "startLine": 35,
                  "startColumn": 24,
                  "endLine": 35,
                  "endColumn": 54
                }
              }
            }
          ],
          "properties": {
            "warningLevel": 1
          }
        },
        {
          "ruleId": "S5445",
          "level": "warning",
          "message": "'Path.GetTempFileName()' is insecure. Use 'Path.GetRandomFileName()' instead.",
          "locations": [
            {
              "resultFile": {
                "uri": "file:///D:/a/1/s/UiPath.Extensions.CommandLine.Windows/Arguments/App/InstallOptions.cs",
                "region": {
                  "startLine": 39,
                  "startColumn": 24,
                  "endLine": 39,
                  "endColumn": 54
                }
              }
            }
          ],
          "properties": {
            "warningLevel": 1
          }
        },
        {
          "ruleId": "S927",
          "level": "warning",
          "message": "Rename parameter 'o' to 'options' to match the base class declaration.",
          "locations": [
            {
              "resultFile": {
                "uri": "file:///D:/a/1/s/UiPath.Extensions.CommandLine.Windows/Services/Impl/ConnectService.cs",
                "region": {
                  "startLine": 31,
                  "startColumn": 68,
                  "endLine": 31,
                  "endColumn": 69
                }
              }
            }
          ],
          "properties": {
            "warningLevel": 1
          }
        },
        {
          "ruleId": "S927",
          "level": "warning",
          "message": "Rename parameter 'o' to 'options' to match the base class declaration.",
          "locations": [
            {
              "resultFile": {
                "uri": "file:///D:/a/1/s/UiPath.Extensions.CommandLine.Windows/Services/Impl/LicenseService.cs",
                "region": {
                  "startLine": 21,
                  "startColumn": 63,
                  "endLine": 21,
                  "endColumn": 64
                }
              }
            }
          ],
          "properties": {
            "warningLevel": 1
          }
        },
        {
          "ruleId": "S2259",
          "level": "warning",
          "message": "'machineCreated' is null on at least one execution path.",
          "locations": [
            {
              "resultFile": {
                "uri": "file:///D:/a/1/s/UiPath.Extensions.CommandLine.Windows/Services/Impl/ProvisionConnectionService.cs",
                "region": {
                  "startLine": 65,
                  "startColumn": 51,
                  "endLine": 65,
                  "endColumn": 65
                }
              }
            }
          ],
          "properties": {
            "warningLevel": 1
          }
        },
        {
          "ruleId": "S2259",
          "level": "warning",
          "message": "'machineCreated' is null on at least one execution path.",
          "locations": [
            {
              "resultFile": {
                "uri": "file:///D:/a/1/s/UiPath.Extensions.CommandLine.Windows/Services/Impl/ProvisionConnectionService.cs",
                "region": {
                  "startLine": 81,
                  "startColumn": 41,
                  "endLine": 81,
                  "endColumn": 55
                }
              }
            }
          ],
          "properties": {
            "warningLevel": 1
          }
        },
        {
          "ruleId": "S927",
          "level": "warning",
          "message": "Rename parameter 'o' to 'options' to match the base class declaration.",
          "locations": [
            {
              "resultFile": {
                "uri": "file:///D:/a/1/s/UiPath.Extensions.CommandLine.Windows/Services/Impl/ProvisionConnectionService.cs",
                "region": {
                  "startLine": 33,
                  "startColumn": 75,
                  "endLine": 33,
                  "endColumn": 76
                }
              }
            }
          ],
          "properties": {
            "warningLevel": 1
          }
        },
        {
          "ruleId": "S927",
          "level": "warning",
          "message": "Rename parameter 'o' to 'options' to match the base class declaration.",
          "locations": [
            {
              "resultFile": {
                "uri": "file:///D:/a/1/s/UiPath.Extensions.CommandLine.Shared/Services/Impl/PackService.cs",
                "region": {
                  "startLine": 82,
                  "startColumn": 60,
                  "endLine": 82,
                  "endColumn": 61
                }
              }
            }
          ],
          "properties": {
            "warningLevel": 1
          }
        },
        {
          "ruleId": "S2583",
          "level": "warning",
          "message": "Change this condition so that it does not always evaluate to 'true'; some subsequent code is never executed.",
          "locations": [
            {
              "resultFile": {
                "uri": "file:///D:/a/1/s/UiPath.Extensions.CommandLine.Shared/Services/Impl/TestService.cs",
                "region": {
                  "startLine": 133,
                  "startColumn": 34,
                  "endLine": 133,
                  "endColumn": 44
                }
              }
            }
          ],
          "relatedLocations": [
            {
              "physicalLocation": {
                "uri": "file:///D:/a/1/s/UiPath.Extensions.CommandLine.Shared/Services/Impl/TestService.cs",
                "region": {
                  "startLine": 141,
                  "startColumn": 25,
                  "endLine": 143,
                  "endColumn": 26
                }
              }
            }
          ],
          "properties": {
            "warningLevel": 1
          }
        },
        {
          "ruleId": "S3776",
          "level": "warning",
          "message": "Refactor this method to reduce its Cognitive Complexity from 27 to the 15 allowed.",
          "locations": [
            {
              "resultFile": {
                "uri": "file:///D:/a/1/s/UiPath.Extensions.CommandLine.Shared/Services/Impl/TestService.cs",
                "region": {
                  "startLine": 97,
                  "startColumn": 33,
                  "endLine": 97,
                  "endColumn": 44
                }
              }
            }
          ],
          "relatedLocations": [
            {
              "physicalLocation": {
                "uri": "file:///D:/a/1/s/UiPath.Extensions.CommandLine.Shared/Services/Impl/TestService.cs",
                "region": {
                  "startLine": 106,
                  "startColumn": 17,
                  "endLine": 106,
                  "endColumn": 19
                }
              }
            },
            {
              "physicalLocation": {
                "uri": "file:///D:/a/1/s/UiPath.Extensions.CommandLine.Shared/Services/Impl/TestService.cs",
                "region": {
                  "startLine": 112,
                  "startColumn": 21,
                  "endLine": 112,
                  "endColumn": 23
                }
              }
            },
            {
              "physicalLocation": {
                "uri": "file:///D:/a/1/s/UiPath.Extensions.CommandLine.Shared/Services/Impl/TestService.cs",
                "region": {
                  "startLine": 112,
                  "startColumn": 36,
                  "endLine": 112,
                  "endColumn": 38
                }
              }
            },
            {
              "physicalLocation": {
                "uri": "file:///D:/a/1/s/UiPath.Extensions.CommandLine.Shared/Services/Impl/TestService.cs",
                "region": {
                  "startLine": 114,
                  "startColumn": 25,
                  "endLine": 114,
                  "endColumn": 27
                }
              }
            },
            {
              "physicalLocation": {
                "uri": "file:///D:/a/1/s/UiPath.Extensions.CommandLine.Shared/Services/Impl/TestService.cs",
                "region": {
                  "startLine": 119,
                  "startColumn": 25,
                  "endLine": 119,
                  "endColumn": 29
                }
              }
            },
            {
              "physicalLocation": {
                "uri": "file:///D:/a/1/s/UiPath.Extensions.CommandLine.Shared/Services/Impl/TestService.cs",
                "region": {
                  "startLine": 127,
                  "startColumn": 21,
                  "endLine": 127,
                  "endColumn": 25
                }
              }
            },
            {
              "physicalLocation": {
                "uri": "file:///D:/a/1/s/UiPath.Extensions.CommandLine.Shared/Services/Impl/TestService.cs",
                "region": {
                  "startLine": 129,
                  "startColumn": 25,
                  "endLine": 129,
                  "endColumn": 27
                }
              }
            },
            {
              "physicalLocation": {
                "uri": "file:///D:/a/1/s/UiPath.Extensions.CommandLine.Shared/Services/Impl/TestService.cs",
                "region": {
                  "startLine": 133,
                  "startColumn": 25,
                  "endLine": 133,
                  "endColumn": 29
                }
              }
            },
            {
              "physicalLocation": {
                "uri": "file:///D:/a/1/s/UiPath.Extensions.CommandLine.Shared/Services/Impl/TestService.cs",
                "region": {
                  "startLine": 140,
                  "startColumn": 25,
                  "endLine": 140,
                  "endColumn": 29
                }
              }
            },
            {
              "physicalLocation": {
                "uri": "file:///D:/a/1/s/UiPath.Extensions.CommandLine.Shared/Services/Impl/TestService.cs",
                "region": {
                  "startLine": 146,
                  "startColumn": 17,
                  "endLine": 146,
                  "endColumn": 21
                }
              }
            },
            {
              "physicalLocation": {
                "uri": "file:///D:/a/1/s/UiPath.Extensions.CommandLine.Shared/Services/Impl/TestService.cs",
                "region": {
                  "startLine": 151,
                  "startColumn": 13,
                  "endLine": 151,
                  "endColumn": 18
                }
              }
            },
            {
              "physicalLocation": {
                "uri": "file:///D:/a/1/s/UiPath.Extensions.CommandLine.Shared/Services/Impl/TestService.cs",
                "region": {
                  "startLine": 153,
                  "startColumn": 137,
                  "endLine": 153,
                  "endColumn": 138
                }
              }
            },
            {
              "physicalLocation": {
                "uri": "file:///D:/a/1/s/UiPath.Extensions.CommandLine.Shared/Services/Impl/TestService.cs",
                "region": {
                  "startLine": 159,
                  "startColumn": 13,
                  "endLine": 159,
                  "endColumn": 19
                }
              }
            },
            {
              "physicalLocation": {
                "uri": "file:///D:/a/1/s/UiPath.Extensions.CommandLine.Shared/Services/Impl/TestService.cs",
                "region": {
                  "startLine": 162,
                  "startColumn": 21,
                  "endLine": 162,
                  "endColumn": 23
                }
              }
            },
            {
              "physicalLocation": {
                "uri": "file:///D:/a/1/s/UiPath.Extensions.CommandLine.Shared/Services/Impl/TestService.cs",
                "region": {
                  "startLine": 174,
                  "startColumn": 25,
                  "endLine": 174,
                  "endColumn": 26
                }
              }
            },
            {
              "physicalLocation": {
                "uri": "file:///D:/a/1/s/UiPath.Extensions.CommandLine.Shared/Services/Impl/TestService.cs",
                "region": {
                  "startLine": 177,
                  "startColumn": 21,
                  "endLine": 177,
                  "endColumn": 23
                }
              }
            },
            {
              "physicalLocation": {
                "uri": "file:///D:/a/1/s/UiPath.Extensions.CommandLine.Shared/Services/Impl/TestService.cs",
                "region": {
                  "startLine": 188,
                  "startColumn": 25,
                  "endLine": 188,
                  "endColumn": 26
                }
              }
            }
          ],
          "properties": {
            "warningLevel": 1,
            "customProperties": {
              "0": "+1",
              "1": "+2 (incl 1 for nesting)",
              "10": "+1",
              "11": "+2 (incl 1 for nesting)",
              "12": "+1",
              "13": "+2 (incl 1 for nesting)",
              "14": "+2 (incl 1 for nesting)",
              "15": "+2 (incl 1 for nesting)",
              "16": "+2 (incl 1 for nesting)",
              "2": "+1",
              "3": "+3 (incl 2 for nesting)",
              "4": "+1",
              "5": "+1",
              "6": "+3 (incl 2 for nesting)",
              "7": "+1",
              "8": "+1",
              "9": "+1"
            }
          }
        },
        {
          "ruleId": "S1125",
          "level": "warning",
          "message": "Remove the unnecessary Boolean literal(s).",
          "locations": [
            {
              "resultFile": {
                "uri": "file:///D:/a/1/s/UiPath.Extensions.CommandLine.Shared/Services/Impl/TestService.cs",
                "region": {
                  "startLine": 276,
                  "startColumn": 104,
                  "endLine": 276,
                  "endColumn": 111
                }
              }
            }
          ],
          "properties": {
            "warningLevel": 1
          }
        },
        {
          "ruleId": "S1066",
          "level": "warning",
          "message": "Merge this if statement with the enclosing one.",
          "locations": [
            {
              "resultFile": {
                "uri": "file:///D:/a/1/s/UiPath.Extensions.CommandLine.Shared/Services/Impl/TestService.cs",
                "region": {
                  "startLine": 445,
                  "startColumn": 21,
                  "endLine": 445,
                  "endColumn": 23
                }
              }
            }
          ],
          "relatedLocations": [
            {
              "physicalLocation": {
                "uri": "file:///D:/a/1/s/UiPath.Extensions.CommandLine.Shared/Services/Impl/TestService.cs",
                "region": {
                  "startLine": 443,
                  "startColumn": 17,
                  "endLine": 443,
                  "endColumn": 19
                }
              }
            }
          ],
          "properties": {
            "warningLevel": 1
          }
        },
        {
          "ruleId": "S3776",
          "level": "warning",
          "message": "Refactor this method to reduce its Cognitive Complexity from 23 to the 15 allowed.",
          "locations": [
            {
              "resultFile": {
                "uri": "file:///D:/a/1/s/UiPath.Extensions.CommandLine.Shared/Services/Impl/TestService.cs",
                "region": {
                  "startLine": 327,
                  "startColumn": 34,
                  "endLine": 327,
                  "endColumn": 48
                }
              }
            }
          ],
          "relatedLocations": [
            {
              "physicalLocation": {
                "uri": "file:///D:/a/1/s/UiPath.Extensions.CommandLine.Shared/Services/Impl/TestService.cs",
                "region": {
                  "startLine": 336,
                  "startColumn": 40,
                  "endLine": 336,
                  "endColumn": 41
                }
              }
            },
            {
              "physicalLocation": {
                "uri": "file:///D:/a/1/s/UiPath.Extensions.CommandLine.Shared/Services/Impl/TestService.cs",
                "region": {
                  "startLine": 340,
                  "startColumn": 17,
                  "endLine": 340,
                  "endColumn": 19
                }
              }
            },
            {
              "physicalLocation": {
                "uri": "file:///D:/a/1/s/UiPath.Extensions.CommandLine.Shared/Services/Impl/TestService.cs",
                "region": {
                  "startLine": 347,
                  "startColumn": 17,
                  "endLine": 347,
                  "endColumn": 22
                }
              }
            },
            {
              "physicalLocation": {
                "uri": "file:///D:/a/1/s/UiPath.Extensions.CommandLine.Shared/Services/Impl/TestService.cs",
                "region": {
                  "startLine": 355,
                  "startColumn": 17,
                  "endLine": 355,
                  "endColumn": 19
                }
              }
            },
            {
              "physicalLocation": {
                "uri": "file:///D:/a/1/s/UiPath.Extensions.CommandLine.Shared/Services/Impl/TestService.cs",
                "region": {
                  "startLine": 375,
                  "startColumn": 21,
                  "endLine": 375,
                  "endColumn": 23
                }
              }
            },
            {
              "physicalLocation": {
                "uri": "file:///D:/a/1/s/UiPath.Extensions.CommandLine.Shared/Services/Impl/TestService.cs",
                "region": {
                  "startLine": 383,
                  "startColumn": 21,
                  "endLine": 383,
                  "endColumn": 23
                }
              }
            },
            {
              "physicalLocation": {
                "uri": "file:///D:/a/1/s/UiPath.Extensions.CommandLine.Shared/Services/Impl/TestService.cs",
                "region": {
                  "startLine": 392,
                  "startColumn": 100,
                  "endLine": 392,
                  "endColumn": 102
                }
              }
            },
            {
              "physicalLocation": {
                "uri": "file:///D:/a/1/s/UiPath.Extensions.CommandLine.Shared/Services/Impl/TestService.cs",
                "region": {
                  "startLine": 397,
                  "startColumn": 47,
                  "endLine": 397,
                  "endColumn": 49
                }
              }
            },
            {
              "physicalLocation": {
                "uri": "file:///D:/a/1/s/UiPath.Extensions.CommandLine.Shared/Services/Impl/TestService.cs",
                "region": {
                  "startLine": 397,
                  "startColumn": 103,
                  "endLine": 397,
                  "endColumn": 105
                }
              }
            },
            {
              "physicalLocation": {
                "uri": "file:///D:/a/1/s/UiPath.Extensions.CommandLine.Shared/Services/Impl/TestService.cs",
                "region": {
                  "startLine": 400,
                  "startColumn": 47,
                  "endLine": 400,
                  "endColumn": 49
                }
              }
            },
            {
              "physicalLocation": {
                "uri": "file:///D:/a/1/s/UiPath.Extensions.CommandLine.Shared/Services/Impl/TestService.cs",
                "region": {
                  "startLine": 407,
                  "startColumn": 25,
                  "endLine": 407,
                  "endColumn": 27
                }
              }
            },
            {
              "physicalLocation": {
                "uri": "file:///D:/a/1/s/UiPath.Extensions.CommandLine.Shared/Services/Impl/TestService.cs",
                "region": {
                  "startLine": 413,
                  "startColumn": 21,
                  "endLine": 413,
                  "endColumn": 23
                }
              }
            },
            {
              "physicalLocation": {
                "uri": "file:///D:/a/1/s/UiPath.Extensions.CommandLine.Shared/Services/Impl/TestService.cs",
                "region": {
                  "startLine": 420,
                  "startColumn": 13,
                  "endLine": 420,
                  "endColumn": 18
                }
              }
            },
            {
              "physicalLocation": {
                "uri": "file:///D:/a/1/s/UiPath.Extensions.CommandLine.Shared/Services/Impl/TestService.cs",
                "region": {
                  "startLine": 423,
                  "startColumn": 51,
                  "endLine": 423,
                  "endColumn": 52
                }
              }
            }
          ],
          "properties": {
            "warningLevel": 1,
            "customProperties": {
              "0": "+1",
              "1": "+2 (incl 1 for nesting)",
              "10": "+3 (incl 2 for nesting)",
              "11": "+2 (incl 1 for nesting)",
              "12": "+1",
              "13": "+2 (incl 1 for nesting)",
              "2": "+2 (incl 1 for nesting)",
              "3": "+2 (incl 1 for nesting)",
              "4": "+2 (incl 1 for nesting)",
              "5": "+2 (incl 1 for nesting)",
              "6": "+1",
              "7": "+1",
              "8": "+1",
              "9": "+1"
            }
          }
        },
        {
          "ruleId": "S3358",
          "level": "warning",
          "message": "Extract this nested ternary operation into an independent statement.",
          "locations": [
            {
              "resultFile": {
                "uri": "file:///D:/a/1/s/UiPath.Extensions.CommandLine.Shared/Services/Impl/TestService.cs",
                "region": {
                  "startLine": 504,
                  "startColumn": 40,
                  "endLine": 504,
                  "endColumn": 103
                }
              }
            }
          ],
          "properties": {
            "warningLevel": 1
          }
        },
        {
          "ruleId": "S3776",
          "level": "warning",
          "message": "Refactor this method to reduce its Cognitive Complexity from 20 to the 15 allowed.",
          "locations": [
            {
              "resultFile": {
                "uri": "file:///D:/a/1/s/UiPath.Extensions.CommandLine.Shared/Services/Impl/TestService.cs",
                "region": {
                  "startLine": 437,
                  "startColumn": 28,
                  "endLine": 437,
                  "endColumn": 41
                }
              }
            }
          ],
          "relatedLocations": [
            {
              "physicalLocation": {
                "uri": "file:///D:/a/1/s/UiPath.Extensions.CommandLine.Shared/Services/Impl/TestService.cs",
                "region": {
                  "startLine": 443,
                  "startColumn": 17,
                  "endLine": 443,
                  "endColumn": 19
                }
              }
            },
            {
              "physicalLocation": {
                "uri": "file:///D:/a/1/s/UiPath.Extensions.CommandLine.Shared/Services/Impl/TestService.cs",
                "region": {
                  "startLine": 445,
                  "startColumn": 21,
                  "endLine": 445,
                  "endColumn": 23
                }
              }
            },
            {
              "physicalLocation": {
                "uri": "file:///D:/a/1/s/UiPath.Extensions.CommandLine.Shared/Services/Impl/TestService.cs",
                "region": {
                  "startLine": 452,
                  "startColumn": 21,
                  "endLine": 452,
                  "endColumn": 22
                }
              }
            },
            {
              "physicalLocation": {
                "uri": "file:///D:/a/1/s/UiPath.Extensions.CommandLine.Shared/Services/Impl/TestService.cs",
                "region": {
                  "startLine": 451,
                  "startColumn": 71,
                  "endLine": 451,
                  "endColumn": 73
                }
              }
            },
            {
              "physicalLocation": {
                "uri": "file:///D:/a/1/s/UiPath.Extensions.CommandLine.Shared/Services/Impl/TestService.cs",
                "region": {
                  "startLine": 460,
                  "startColumn": 64,
                  "endLine": 460,
                  "endColumn": 65
                }
              }
            },
            {
              "physicalLocation": {
                "uri": "file:///D:/a/1/s/UiPath.Extensions.CommandLine.Shared/Services/Impl/TestService.cs",
                "region": {
                  "startLine": 461,
                  "startColumn": 62,
                  "endLine": 461,
                  "endColumn": 63
                }
              }
            },
            {
              "physicalLocation": {
                "uri": "file:///D:/a/1/s/UiPath.Extensions.CommandLine.Shared/Services/Impl/TestService.cs",
                "region": {
                  "startLine": 474,
                  "startColumn": 17,
                  "endLine": 474,
                  "endColumn": 18
                }
              }
            },
            {
              "physicalLocation": {
                "uri": "file:///D:/a/1/s/UiPath.Extensions.CommandLine.Shared/Services/Impl/TestService.cs",
                "region": {
                  "startLine": 473,
                  "startColumn": 58,
                  "endLine": 473,
                  "endColumn": 60
                }
              }
            },
            {
              "physicalLocation": {
                "uri": "file:///D:/a/1/s/UiPath.Extensions.CommandLine.Shared/Services/Impl/TestService.cs",
                "region": {
                  "startLine": 481,
                  "startColumn": 126,
                  "endLine": 481,
                  "endColumn": 128
                }
              }
            },
            {
              "physicalLocation": {
                "uri": "file:///D:/a/1/s/UiPath.Extensions.CommandLine.Shared/Services/Impl/TestService.cs",
                "region": {
                  "startLine": 481,
                  "startColumn": 181,
                  "endLine": 481,
                  "endColumn": 183
                }
              }
            },
            {
              "physicalLocation": {
                "uri": "file:///D:/a/1/s/UiPath.Extensions.CommandLine.Shared/Services/Impl/TestService.cs",
                "region": {
                  "startLine": 482,
                  "startColumn": 124,
                  "endLine": 482,
                  "endColumn": 126
                }
              }
            },
            {
              "physicalLocation": {
                "uri": "file:///D:/a/1/s/UiPath.Extensions.CommandLine.Shared/Services/Impl/TestService.cs",
                "region": {
                  "startLine": 482,
                  "startColumn": 178,
                  "endLine": 482,
                  "endColumn": 180
                }
              }
            },
            {
              "physicalLocation": {
                "uri": "file:///D:/a/1/s/UiPath.Extensions.CommandLine.Shared/Services/Impl/TestService.cs",
                "region": {
                  "startLine": 483,
                  "startColumn": 97,
                  "endLine": 483,
                  "endColumn": 99
                }
              }
            },
            {
              "physicalLocation": {
                "uri": "file:///D:/a/1/s/UiPath.Extensions.CommandLine.Shared/Services/Impl/TestService.cs",
                "region": {
                  "startLine": 483,
                  "startColumn": 150,
                  "endLine": 483,
                  "endColumn": 152
                }
              }
            }
          ],
          "properties": {
            "warningLevel": 1,
            "customProperties": {
              "0": "+2 (incl 1 for nesting)",
              "1": "+3 (incl 2 for nesting)",
              "10": "+1",
              "11": "+1",
              "12": "+1",
              "13": "+1",
              "2": "+2 (incl 1 for nesting)",
              "3": "+1",
              "4": "+2 (incl 1 for nesting)",
              "5": "+2 (incl 1 for nesting)",
              "6": "+1",
              "7": "+1",
              "8": "+1",
              "9": "+1"
            }
          }
        },
        {
          "ruleId": "S3776",
          "level": "warning",
          "message": "Refactor this method to reduce its Cognitive Complexity from 19 to the 15 allowed.",
          "locations": [
            {
              "resultFile": {
                "uri": "file:///D:/a/1/s/UiPath.Extensions.CommandLine.Shared/Services/Impl/PackService.cs",
                "region": {
                  "startLine": 154,
                  "startColumn": 43,
                  "endLine": 154,
                  "endColumn": 54
                }
              }
            }
          ],
          "relatedLocations": [
            {
              "physicalLocation": {
                "uri": "file:///D:/a/1/s/UiPath.Extensions.CommandLine.Shared/Services/Impl/PackService.cs",
                "region": {
                  "startLine": 157,
                  "startColumn": 93,
                  "endLine": 157,
                  "endColumn": 95
                }
              }
            },
            {
              "physicalLocation": {
                "uri": "file:///D:/a/1/s/UiPath.Extensions.CommandLine.Shared/Services/Impl/PackService.cs",
                "region": {
                  "startLine": 157,
                  "startColumn": 125,
                  "endLine": 157,
                  "endColumn": 127
                }
              }
            },
            {
              "physicalLocation": {
                "uri": "file:///D:/a/1/s/UiPath.Extensions.CommandLine.Shared/Services/Impl/PackService.cs",
                "region": {
                  "startLine": 168,
                  "startColumn": 25,
                  "endLine": 168,
                  "endColumn": 26
                }
              }
            },
            {
              "physicalLocation": {
                "uri": "file:///D:/a/1/s/UiPath.Extensions.CommandLine.Shared/Services/Impl/PackService.cs",
                "region": {
                  "startLine": 173,
                  "startColumn": 25,
                  "endLine": 173,
                  "endColumn": 27
                }
              }
            },
            {
              "physicalLocation": {
                "uri": "file:///D:/a/1/s/UiPath.Extensions.CommandLine.Shared/Services/Impl/PackService.cs",
                "region": {
                  "startLine": 176,
                  "startColumn": 29,
                  "endLine": 176,
                  "endColumn": 31
                }
              }
            },
            {
              "physicalLocation": {
                "uri": "file:///D:/a/1/s/UiPath.Extensions.CommandLine.Shared/Services/Impl/PackService.cs",
                "region": {
                  "startLine": 184,
                  "startColumn": 25,
                  "endLine": 184,
                  "endColumn": 27
                }
              }
            },
            {
              "physicalLocation": {
                "uri": "file:///D:/a/1/s/UiPath.Extensions.CommandLine.Shared/Services/Impl/PackService.cs",
                "region": {
                  "startLine": 184,
                  "startColumn": 55,
                  "endLine": 184,
                  "endColumn": 57
                }
              }
            },
            {
              "physicalLocation": {
                "uri": "file:///D:/a/1/s/UiPath.Extensions.CommandLine.Shared/Services/Impl/PackService.cs",
                "region": {
                  "startLine": 189,
                  "startColumn": 25,
                  "endLine": 189,
                  "endColumn": 29
                }
              }
            },
            {
              "physicalLocation": {
                "uri": "file:///D:/a/1/s/UiPath.Extensions.CommandLine.Shared/Services/Impl/PackService.cs",
                "region": {
                  "startLine": 197,
                  "startColumn": 17,
                  "endLine": 197,
                  "endColumn": 19
                }
              }
            },
            {
              "physicalLocation": {
                "uri": "file:///D:/a/1/s/UiPath.Extensions.CommandLine.Shared/Services/Impl/PackService.cs",
                "region": {
                  "startLine": 203,
                  "startColumn": 17,
                  "endLine": 203,
                  "endColumn": 19
                }
              }
            },
            {
              "physicalLocation": {
                "uri": "file:///D:/a/1/s/UiPath.Extensions.CommandLine.Shared/Services/Impl/PackService.cs",
                "region": {
                  "startLine": 203,
                  "startColumn": 43,
                  "endLine": 203,
                  "endColumn": 45
                }
              }
            },
            {
              "physicalLocation": {
                "uri": "file:///D:/a/1/s/UiPath.Extensions.CommandLine.Shared/Services/Impl/PackService.cs",
                "region": {
                  "startLine": 210,
                  "startColumn": 13,
                  "endLine": 210,
                  "endColumn": 18
                }
              }
            },
            {
              "physicalLocation": {
                "uri": "file:///D:/a/1/s/UiPath.Extensions.CommandLine.Shared/Services/Impl/PackService.cs",
                "region": {
                  "startLine": 214,
                  "startColumn": 17,
                  "endLine": 214,
                  "endColumn": 19
                }
              }
            },
            {
              "physicalLocation": {
                "uri": "file:///D:/a/1/s/UiPath.Extensions.CommandLine.Shared/Services/Impl/PackService.cs",
                "region": {
                  "startLine": 222,
                  "startColumn": 13,
                  "endLine": 222,
                  "endColumn": 18
                }
              }
            }
          ],
          "properties": {
            "warningLevel": 1,
            "customProperties": {
              "0": "+1",
              "1": "+1",
              "10": "+1",
              "11": "+1",
              "12": "+2 (incl 1 for nesting)",
              "13": "+1",
              "2": "+1",
              "3": "+2 (incl 1 for nesting)",
              "4": "+3 (incl 2 for nesting)",
              "5": "+2 (incl 1 for nesting)",
              "6": "+1",
              "7": "+1",
              "8": "+1",
              "9": "+1"
            }
          }
        }
      ],
      "rules": {
        "S1066": {
          "id": "S1066",
          "shortDescription": "Collapsible \"if\" statements should be merged",
          "fullDescription": "Merging collapsible if statements increases the code's readability.",
          "defaultLevel": "warning",
          "helpUri": "https://rules.sonarsource.com/csharp/RSPEC-1066",
          "properties": {
            "category": "Major Code Smell",
            "isEnabledByDefault": true,
            "tags": [
              "C#",
              "SonarWay",
              "MainSourceScope",
              "TestSourceScope"
            ]
          }
        },
        "S1075": {
          "id": "S1075",
          "shortDescription": "URIs should not be hardcoded",
          "fullDescription": "Hardcoding a URI makes it difficult to test a program: path literals are not always portable across operating systems, a given absolute path may not exist on a specific test environment, a specified Internet URL may not be available when executing the tests, production environment filesystems usually differ from the development environment, ...etc. For all those reasons, a URI should never be hardcoded. Instead, it should be replaced by customizable parameter.",
          "defaultLevel": "warning",
          "helpUri": "https://rules.sonarsource.com/csharp/RSPEC-1075",
          "properties": {
            "category": "Minor Code Smell",
            "isEnabledByDefault": true,
            "tags": [
              "C#",
              "SonarWay",
              "MainSourceScope"
            ]
          }
        },
        "S1118": {
          "id": "S1118",
          "shortDescription": "Utility classes should not have public constructors",
          "fullDescription": "Utility classes, which are collections of static members, are not meant to be instantiated.",
          "defaultLevel": "warning",
          "helpUri": "https://rules.sonarsource.com/csharp/RSPEC-1118",
          "properties": {
            "category": "Major Code Smell",
            "isEnabledByDefault": true,
            "tags": [
              "C#",
              "SonarWay",
              "MainSourceScope",
              "TestSourceScope"
            ]
          }
        },
        "S1125": {
          "id": "S1125",
          "shortDescription": "Boolean literals should not be redundant",
          "fullDescription": "Redundant Boolean literals should be removed from expressions to improve readability.",
          "defaultLevel": "warning",
          "helpUri": "https://rules.sonarsource.com/csharp/RSPEC-1125",
          "properties": {
            "category": "Minor Code Smell",
            "isEnabledByDefault": true,
            "tags": [
              "C#",
              "SonarWay",
              "MainSourceScope",
              "TestSourceScope"
            ]
          }
        },
        "S1135": {
          "id": "S1135",
          "shortDescription": "Track uses of \"TODO\" tags",
          "fullDescription": "TODO tags are commonly used to mark places where some more code is required, but which the developer wants to implement later.",
          "defaultLevel": "warning",
          "helpUri": "https://rules.sonarsource.com/csharp/RSPEC-1135",
          "properties": {
            "category": "Info Code Smell",
            "isEnabledByDefault": true,
            "tags": [
              "C#",
              "SonarWay",
              "MainSourceScope",
              "TestSourceScope"
            ]
          }
        },
        "S125": {
          "id": "S125",
          "shortDescription": "Sections of code should not be commented out",
          "fullDescription": "Programmers should not comment out code as it bloats programs and reduces readability.",
          "defaultLevel": "warning",
          "helpUri": "https://rules.sonarsource.com/csharp/RSPEC-125",
          "properties": {
            "category": "Major Code Smell",
            "isEnabledByDefault": true,
            "tags": [
              "C#",
              "SonarWay",
              "MainSourceScope",
              "TestSourceScope"
            ]
          }
        },
        "S2259": {
          "id": "S2259",
          "shortDescription": "Null pointers should not be dereferenced",
          "fullDescription": "A reference to null should never be dereferenced/accessed. Doing so will cause a NullReferenceException to be thrown. At best, such an exception will cause abrupt program termination. At worst, it could expose debugging information that would be useful to an attacker, or it could allow an attacker to bypass security measures.",
          "defaultLevel": "warning",
          "helpUri": "https://rules.sonarsource.com/csharp/RSPEC-2259",
          "properties": {
            "category": "Major Bug",
            "isEnabledByDefault": true,
            "tags": [
              "C#",
              "SonarWay",
              "MainSourceScope"
            ]
          }
        },
        "S2583": {
          "id": "S2583",
          "shortDescription": "Conditionally executed code should be reachable",
          "fullDescription": "Conditional expressions which are always true or false can lead to dead code. Such code is always buggy and should never be used in production.",
          "defaultLevel": "warning",
          "helpUri": "https://rules.sonarsource.com/csharp/RSPEC-2583",
          "properties": {
            "category": "Major Bug",
            "isEnabledByDefault": true,
            "tags": [
              "C#",
              "SonarWay",
              "MainSourceScope",
              "TestSourceScope"
            ]
          }
        },
        "S3358": {
          "id": "S3358",
          "shortDescription": "Ternary operators should not be nested",
          "fullDescription": "Just because you can do something, doesn't mean you should, and that's the case with nested ternary operations. Nesting ternary operators results in the kind of code that may seem clear as day when you write it, but six months later will leave maintainers (or worse - future you) scratching their heads and cursing.",
          "defaultLevel": "warning",
          "helpUri": "https://rules.sonarsource.com/csharp/RSPEC-3358",
          "properties": {
            "category": "Major Code Smell",
            "isEnabledByDefault": true,
            "tags": [
              "C#",
              "SonarWay",
              "MainSourceScope",
              "TestSourceScope"
            ]
          }
        },
        "S3626": {
          "id": "S3626",
          "shortDescription": "Jump statements should not be redundant",
          "fullDescription": "Jump statements, such as return, yield break, goto, and continue let you change the default flow of program execution, but jump statements that direct the control flow to the original direction are just a waste of keystrokes.",
          "defaultLevel": "warning",
          "helpUri": "https://rules.sonarsource.com/csharp/RSPEC-3626",
          "properties": {
            "category": "Minor Code Smell",
            "isEnabledByDefault": true,
            "tags": [
              "C#",
              "SonarWay",
              "MainSourceScope",
              "TestSourceScope"
            ]
          }
        },
        "S3776": {
          "id": "S3776",
          "shortDescription": "Cognitive Complexity of methods should not be too high",
          "fullDescription": "Cognitive Complexity is a measure of how hard the control flow of a method is to understand. Methods with high Cognitive Complexity will be difficult to maintain.",
          "defaultLevel": "warning",
          "helpUri": "https://rules.sonarsource.com/csharp/RSPEC-3776",
          "properties": {
            "category": "Critical Code Smell",
            "isEnabledByDefault": false,
            "tags": [
              "C#",
              "SonarWay",
              "MainSourceScope",
              "TestSourceScope"
            ]
          }
        },
        "S5445": {
          "id": "S5445",
          "shortDescription": "Insecure temporary file creation methods should not be used",
          "fullDescription": "Creating temporary files using insecure methods exposes the application to race conditions on filenames: a malicious user can try to create a file with a predictable name before the application does. A successful attack can result in other files being accessed, modified, corrupted or deleted. This risk is even higher if the application run with elevated permissions.",
          "defaultLevel": "warning",
          "helpUri": "https://rules.sonarsource.com/csharp/RSPEC-5445",
          "properties": {
            "category": "Critical Vulnerability",
            "isEnabledByDefault": true,
            "tags": [
              "C#",
              "SonarWay",
              "MainSourceScope"
            ]
          }
        },
        "S927": {
          "id": "S927",
          "shortDescription": "Parameter names should match base declaration and other partial definitions",
          "fullDescription": "The name of a parameter in an externally visible. This rule raises an issue when method override does not match the name of the parameter in the base declaration of the method, or the name of the parameter in the interface declaration of the method or the name of any other partial definition.",
          "defaultLevel": "warning",
          "helpUri": "https://rules.sonarsource.com/csharp/RSPEC-927",
          "properties": {
            "category": "Critical Code Smell",
            "isEnabledByDefault": true,
            "tags": [
              "C#",
              "SonarWay",
              "MainSourceScope",
              "TestSourceScope"
            ]
          }
        }
      }
    }
  ]
}